{
   "dashboards": [{
      "autoswitchEnabled": false,
      "columnCount": 1,
      "columnProportion": "1-1",
      "creationTime": 1596111733892,
      "dashboardNavigations": {},
      "description": "",
      "disabled": false,
      "gridsterMaxColumns": 12,
      "hidden": false,
      "homeTab": false,
      "id": "732f68ad-8215-4cdf-86cd-3e199c41fdc2",
      "importAttempts": 0,
      "importComplete": true,
      "lastUpdateTime": 1596114289831,
      "lastUpdateUserId": "0f191909-6300-472a-8f74-4356a28567ab",
      "locked": false,
      "name": "tkopton-Cluster Rightsizing",
      "rank": 0,
      "shared": false,
      "states": [],
      "temporary": false,
      "userId": "0f191909-6300-472a-8f74-4356a28567ab",
      "widgetInteractions": [
         {
            "type": "resourceId",
            "widgetIdProvider": "ab4182a1-4720-4cab-b298-006f219278a8",
            "widgetIdReceiver": "5897280b-913c-4693-89c7-e244a707de1e"
         },
         {
            "type": "resourceId",
            "widgetIdProvider": "5897280b-913c-4693-89c7-e244a707de1e",
            "widgetIdReceiver": "d732d160-1d2d-4c82-9f6e-d360ab9e6802"
         },
         {
            "type": "resourceId",
            "widgetIdProvider": "5897280b-913c-4693-89c7-e244a707de1e",
            "widgetIdReceiver": "d48d37dd-6aa5-4cb6-a63b-2fbf89c9b086"
         },
         {
            "type": "resourceId",
            "widgetIdProvider": "5897280b-913c-4693-89c7-e244a707de1e",
            "widgetIdReceiver": "ee67ca30-8d88-486b-bfa0-cec13ff30e4c"
         }
      ],
      "widgets": [
         {
            "collapsed": false,
            "config": {
               "editorData": "<font face=\"tahoma\"><font face=\"arial\">This small \u201cCluster Rightsizing\u201d Dashboard supports <b><font color=\"339966\">uniformly configured traditional clusters<\/font><\/b> (non-HIC). Numbers in this dashboard are based on the <b><font color=\"339966\">Demand Model and only CPU and Memory Demand metrics<\/font><\/b> are taken into consideration. A <font color=\"339966\">negative number<\/font>, like -1, indicates how many hosts are missing in the cluster to provide sufficient resources to run current workloads without capacity being exhausted. Positive ones - how many hosts could be potentially removed from the cluster.<br><br>1.&nbsp;&nbsp; &nbsp;Select Datacenter \u2013 select vSphere Datacenter to inspect<br>2.&nbsp;&nbsp; &nbsp;Select Cluster \u2013 shows all vSphere Clusters in selected DC, select Cluster to see further details<br>3.&nbsp;&nbsp; &nbsp;Cluster Configuration \u2013 quick config overview, first box \u201cEnabled\u201d shows DRS status<br>4.&nbsp;&nbsp; &nbsp;Capacity Remaining \u2013 remaining capacity by thy most constraint resource for the selected Cluster<br>5.&nbsp;&nbsp; &nbsp;Cluster KPIs \u2013 quick overview of current Cluster performance<br><br>Known issues: -1 color coding not working, DRS Enabled Box \u2013 wrong label, Avg Mem Contention \u2013 no metric<\/font><br><br><\/font>",
               "locationFile": "",
               "locationUrl": "",
               "refreshContent": {"refreshContent": false},
               "refreshInterval": 300,
               "title": "Info and Usage",
               "viewModeHTML": true
            },
            "gridsterCoords": {
               "h": 5,
               "w": 8,
               "x": 1,
               "y": 1
            },
            "height": 267,
            "id": "6cb8c634-94f5-41cd-b614-dbd27414a2e7",
            "title": "Info and Usage",
            "type": "TextDisplay"
         },
         {
            "collapsed": false,
            "config": {
               "additionalColumns": [],
               "customFilter": {
                  "excludedResources": null,
                  "filter": [{
                     "filterTypes": [{
                        "condition": "EQUALS",
                        "filterType": "properties",
                        "metricKey": "configuration|vSANEnabled",
                        "metricValue": {
                           "isStringMetric": true,
                           "value": "Enabled"
                        }
                     }],
                     "resourceKind": "002006VMWAREClusterComputeResource"
                  }],
                  "includedResources": null
               },
               "depth": 1,
               "filterMode": "tagPicker",
               "mode": "all",
               "refreshContent": {"refreshContent": true},
               "refreshInterval": 300,
               "relationshipMode": {"relationshipMode": 0},
               "resource": [],
               "selectFirstRow": {"selectFirstRow": true},
               "selfProvider": {"selfProvider": true},
               "tagFilter": {
                  "path": ["/source/kind/kind:resourceKind:id:0_::_"],
                  "value": {
                     "adapterInstance": [],
                     "adapterKind": [],
                     "bus": [],
                     "collector": [],
                     "day": [],
                     "exclaim": false,
                     "healthRange": [],
                     "kind": ["resourceKind:id:0_::_"],
                     "maintenanceSchedule": [],
                     "state": [],
                     "status": [],
                     "tag": [],
                     "tier": []
                  }
               },
               "title": "1. Select Datacenter"
            },
            "gridsterCoords": {
               "h": 5,
               "w": 3,
               "x": 9,
               "y": 1
            },
            "height": 267,
            "id": "ab4182a1-4720-4cab-b298-006f219278a8",
            "states": [
               {
                  "key": "permResGrid_widget_732f68ad-8215-4cdf-86cd-3e199c41fdc2_ab4182a1-4720-4cab-b298-006f219278a8",
                  "value": "o%3Acolumns%3Da%253Ao%25253Aid%25253Ds%2525253Ah1%25255Ehidden%25253Db%2525253A1%25255Ewidth%25253Dn%2525253A100%255Eo%25253Aid%25253Ds%2525253Ah2%255Eo%25253Aid%25253Ds%2525253Ah3%25255Ehidden%25253Db%2525253A1%25255Ewidth%25253Dn%2525253A100%255Eo%25253Aid%25253Ds%2525253Ah4%255Eo%25253Aid%25253Ds%2525253Ah5%255Eo%25253Aid%25253Ds%2525253Ah6%255Eo%25253Aid%25253Ds%2525253Ah7%25255Ehidden%25253Db%2525253A1%25255Ewidth%25253Dn%2525253A100%255Eo%25253Aid%25253Ds%2525253Ah8%25255Ehidden%25253Db%2525253A1%25255Ewidth%25253Dn%2525253A100%255Eo%25253Aid%25253Ds%2525253Ah9%25255Ehidden%25253Db%2525253A1%25255Ewidth%25253Dn%2525253A100%255Eo%25253Aid%25253Ds%2525253Ah10%25255Ehidden%25253Db%2525253A1%25255Ewidth%25253Dn%2525253A100%255Eo%25253Aid%25253Ds%2525253Ah11%25255Ehidden%25253Db%2525253A1%25255Ewidth%25253Dn%2525253A100%255Eo%25253Aid%25253Ds%2525253Ah12%25255Ehidden%25253Db%2525253A1%25255Ewidth%25253Dn%2525253A100%255Eo%25253Aid%25253Ds%2525253Ah13%25255Ehidden%25253Db%2525253A1%25255Ewidth%25253Dn%2525253A100%255Eo%25253Aid%25253Ds%2525253Ah14%255Eo%25253Aid%25253Ds%2525253Ah15%25255Ehidden%25253Db%2525253A0%255Eo%25253Aid%25253Ds%2525253Ah16%25255Ehidden%25253Db%2525253A1%25255Ewidth%25253Dn%2525253A100%255Eo%25253Aid%25253Ds%2525253AresourceRating%25255Ehidden%25253Db%2525253A1%255Eo%25253Aid%25253Ds%2525253Ah18%25255Ehidden%25253Db%2525253A1%25255Ewidth%25253Dn%2525253A100%255Eo%25253Aid%25253Ds%2525253Ah19%25255Ehidden%25253Db%2525253A1%25255Ewidth%25253Dn%2525253A100%255Eo%25253Aid%25253Ds%2525253Ah20%25255Ehidden%25253Db%2525253A1%25255Ewidth%25253Dn%2525253A100%255Eo%25253Aid%25253Ds%2525253Ah21%25255Ehidden%25253Db%2525253A1%25255Ewidth%25253Dn%2525253A100%255Eo%25253Aid%25253Ds%2525253Ah22%25255Ehidden%25253Db%2525253A1%25255Ewidth%25253Dn%2525253A100%255Eo%25253Aid%25253Ds%2525253Ah23%25255Ehidden%25253Db%2525253A1%25255Ewidth%25253Dn%2525253A100%255Eo%25253Aid%25253Ds%2525253Ah24%25255Ehidden%25253Db%2525253A1%25255Ewidth%25253Dn%2525253A100%255Eo%25253Aid%25253Ds%2525253Ah25%25255Ehidden%25253Db%2525253A1%25255Ewidth%25253Dn%2525253A100%255Eo%25253Aid%25253Ds%2525253Ah26%25255Ehidden%25253Db%2525253A1%25255Ewidth%25253Dn%2525253A100%255Eo%25253Aid%25253Ds%2525253Ah27%25255Ehidden%25253Db%2525253A1%25255Ewidth%25253Dn%2525253A100%255Eo%25253Aid%25253Ds%2525253Ah28%25255Ehidden%25253Db%2525253A1%25255Ewidth%25253Dn%2525253A100%255Eo%25253Aid%25253Ds%2525253Ah29%25255Ehidden%25253Db%2525253A1%25255Ewidth%25253Dn%2525253A100%255Eo%25253Aid%25253Ds%2525253Ah30%25255Ehidden%25253Db%2525253A1%25255Ewidth%25253Dn%2525253A100%255Eo%25253Aid%25253Ds%2525253Ah31%25255Ehidden%25253Db%2525253A1%25255Ewidth%25253Dn%2525253A100%255Eo%25253Aid%25253Ds%2525253Ah32%25255Ehidden%25253Db%2525253A1%25255Ewidth%25253Dn%2525253A100%255Eo%25253Aid%25253Ds%2525253Ah33%25255Ehidden%25253Db%2525253A1%25255Ewidth%25253Dn%2525253A100%255Eo%25253Aid%25253Ds%2525253Ah34%25255Ehidden%25253Db%2525253A1%25255Ewidth%25253Dn%2525253A100%255Eo%25253Aid%25253Ds%2525253Ah35%25255Ehidden%25253Db%2525253A1%25255Ewidth%25253Dn%2525253A100%255Eo%25253Aid%25253Ds%2525253Ah36%25255Ehidden%25253Db%2525253A1%25255Ewidth%25253Dn%2525253A100%255Eo%25253Aid%25253Ds%2525253Ah37%25255Ehidden%25253Db%2525253A1%25255Ewidth%25253Dn%2525253A100%255Eo%25253Aid%25253Ds%2525253Ah38%25255Ehidden%25253Db%2525253A1%25255Ewidth%25253Dn%2525253A100%255Eo%25253Aid%25253Ds%2525253Ah39%25255Ehidden%25253Db%2525253A1%25255Ewidth%25253Dn%2525253A100%255Eo%25253Aid%25253Ds%2525253Ah40%25255Ehidden%25253Db%2525253A1%25255Ewidth%25253Dn%2525253A100%255Eo%25253Aid%25253Ds%2525253Ah41%25255Ehidden%25253Db%2525253A1%25255Ewidth%25253Dn%2525253A100%255Eo%25253Aid%25253Ds%2525253Ah42%25255Ehidden%25253Db%2525253A1%25255Ewidth%25253Dn%2525253A100%255Eo%25253Aid%25253Ds%2525253Ah43%25255Ehidden%25253Db%2525253A1%25255Ewidth%25253Dn%2525253A100%255Eo%25253Aid%25253Ds%2525253Ah44%25255Ehidden%25253Db%2525253A1%25255Ewidth%25253Dn%2525253A100%255Eo%25253Aid%25253Ds%2525253Ah45%25255Ehidden%25253Db%2525253A1%25255Ewidth%25253Dn%2525253A100%255Eo%25253Aid%25253Ds%2525253Ah46%25255Ehidden%25253Db%2525253A1%25255Ewidth%25253Dn%2525253A100%255Eo%25253Aid%25253Ds%2525253Ah47%25255Ehidden%25253Db%2525253A1%25255Ewidth%25253Dn%2525253A100"
               },
               {
                  "key": "perm_toolbarVisible_widget_732f68ad-8215-4cdf-86cd-3e199c41fdc2_ab4182a1-4720-4cab-b298-006f219278a8",
                  "value": "b%3A0"
               }
            ],
            "title": "1. Select Datacenter",
            "type": "ResourceList"
         },
         {
            "collapsed": false,
            "config": {
               "refreshContent": {"refreshContent": false},
               "refreshInterval": 300,
               "resource": null,
               "selfProvider": {"selfProvider": false},
               "title": "4. Capacity Remaining - most constrained resource"
            },
            "gridsterCoords": {
               "h": 6,
               "w": 3,
               "x": 5,
               "y": 12
            },
            "height": 324,
            "id": "d732d160-1d2d-4c82-9f6e-d360ab9e6802",
            "title": "4. Capacity Remaining - most constrained resource",
            "type": "IntSummaryCapacity"
         },
         {
            "collapsed": false,
            "config": {
               "chartViewItems": [],
               "isUpdatedView": true,
               "refreshContent": {"refreshContent": false},
               "refreshInterval": 300,
               "resource": null,
               "selectFirstRow": {"selectFirstRow": true},
               "selfProvider": {"selfProvider": false},
               "title": "2. Select Cluster",
               "traversalSpecId": "",
               "viewDefinitionId": "0680ed32-3048-41f1-ab9f-397d4e5f5900"
            },
            "gridsterCoords": {
               "h": 6,
               "w": 11,
               "x": 1,
               "y": 6
            },
            "height": 324,
            "id": "5897280b-913c-4693-89c7-e244a707de1e",
            "title": "2. Select Cluster",
            "type": "View"
         },
         {
            "collapsed": false,
            "config": {
               "boxColumns": 3,
               "boxHeight": null,
               "customFilter": {
                  "excludedResources": null,
                  "filter": [],
                  "includedResources": null
               },
               "depth": 1,
               "labelSize": 16,
               "maxCellCount": 100,
               "metric": {
                  "mode": "resourceKind",
                  "resourceKindMetrics": [],
                  "resourceMetrics": [],
                  "subMode": "resourceKindAll"
               },
               "mode": {"layoutMode": "fixedView"},
               "oldMetricValues": false,
               "periodLength": "last7Days",
               "refreshContent": {"refreshContent": false},
               "refreshInterval": 300,
               "relationshipMode": {"relationshipMode": 0},
               "resInteractionMode": "tkopton-Cluster-KPIs",
               "resource": [],
               "roundDecimals": null,
               "selfProvider": {"selfProvider": false},
               "showDT": {"showDT": true},
               "showMetricName": {"showMetricName": true},
               "showMetricUnit": {"showMetricUnit": true},
               "showResourceName": {"showResourceName": false},
               "showSparkline": {"showSparkline": true},
               "title": "5. Cluster KPIs",
               "valueSize": 24,
               "visualTheme": 4
            },
            "gridsterCoords": {
               "h": 6,
               "w": 4,
               "x": 8,
               "y": 12
            },
            "height": 324,
            "id": "d48d37dd-6aa5-4cb6-a63b-2fbf89c9b086",
            "title": "5. Cluster KPIs",
            "type": "Scoreboard"
         },
         {
            "collapsed": false,
            "config": {
               "boxColumns": 2,
               "boxHeight": null,
               "customFilter": {
                  "excludedResources": null,
                  "filter": [],
                  "includedResources": null
               },
               "depth": 1,
               "labelSize": 16,
               "maxCellCount": 100,
               "metric": {
                  "mode": "resourceKind",
                  "resourceKindMetrics": [
                     {
                        "colorMethod": 0,
                        "id": "extModel78667-1",
                        "isStringMetric": true,
                        "label": "HA Enabled?",
                        "link": "",
                        "metricKey": "configuration|dasConfig|enabled",
                        "metricName": "Cluster Configuration|DAS Configuration|HA Enabled",
                        "metricUnitId": null,
                        "orangeBound": "false",
                        "redBound": "false",
                        "resourceKindId": "resourceKind:id:1_::_",
                        "resourceKindName": "Cluster Compute Resource",
                        "unit": null,
                        "yellowBound": "false"
                     },
                     {
                        "colorMethod": 0,
                        "id": "extModel77622-1",
                        "isStringMetric": true,
                        "label": "DRS Enabled?",
                        "link": "",
                        "metricKey": "configuration|drsconfig|enabled",
                        "metricName": "Cluster Configuration|DRS Configuration|Enabled",
                        "metricUnitId": null,
                        "orangeBound": "false",
                        "redBound": "false",
                        "resourceKindId": "resourceKind:id:1_::_",
                        "resourceKindName": "Cluster Compute Resource",
                        "unit": null,
                        "yellowBound": "false"
                     }
                  ],
                  "resourceMetrics": [],
                  "subMode": "resourceKindAll"
               },
               "mode": {"layoutMode": "fixedView"},
               "oldMetricValues": false,
               "periodLength": null,
               "refreshContent": {"refreshContent": true},
               "refreshInterval": 300,
               "relationshipMode": {"relationshipMode": 0},
               "resInteractionMode": "tkopton-Cluster-Config",
               "resource": [],
               "roundDecimals": null,
               "selfProvider": {"selfProvider": false},
               "showDT": {"showDT": true},
               "showMetricName": {"showMetricName": true},
               "showMetricUnit": {"showMetricUnit": true},
               "showResourceName": {"showResourceName": false},
               "showSparkline": {"showSparkline": false},
               "title": "3. Cluster Configuration",
               "valueSize": 24,
               "visualTheme": 5
            },
            "gridsterCoords": {
               "h": 6,
               "w": 4,
               "x": 1,
               "y": 12
            },
            "height": 324,
            "id": "ee67ca30-8d88-486b-bfa0-cec13ff30e4c",
            "title": "3. Cluster Configuration",
            "type": "Scoreboard"
         }
      ]
   }],
   "entries": {"resourceKind": [
      {
         "adapterKindKey": "VMWARE",
         "internalId": "resourceKind:id:0_::_",
         "resourceKindKey": "Datacenter"
      },
      {
         "adapterKindKey": "VMWARE",
         "internalId": "resourceKind:id:1_::_",
         "resourceKindKey": "ClusterComputeResource"
      }
   ]},
   "uuid": "2bd04327-2dcc-4ebb-aa43-5a9d382196fb"
}